-- MySQL dump 10.13  Distrib 8.0.31, for Win64 (x86_64)
--
-- Host: 127.0.0.1    Database: hssys
-- ------------------------------------------------------
-- Server version	8.0.31

/*!40101 SET @OLD_CHARACTER_SET_CLIENT=@@CHARACTER_SET_CLIENT */;
/*!40101 SET @OLD_CHARACTER_SET_RESULTS=@@CHARACTER_SET_RESULTS */;
/*!40101 SET @OLD_COLLATION_CONNECTION=@@COLLATION_CONNECTION */;
/*!50503 SET NAMES utf8mb4 */;
/*!40103 SET @OLD_TIME_ZONE=@@TIME_ZONE */;
/*!40103 SET TIME_ZONE='+00:00' */;
/*!40014 SET @OLD_UNIQUE_CHECKS=@@UNIQUE_CHECKS, UNIQUE_CHECKS=0 */;
/*!40014 SET @OLD_FOREIGN_KEY_CHECKS=@@FOREIGN_KEY_CHECKS, FOREIGN_KEY_CHECKS=0 */;
/*!40101 SET @OLD_SQL_MODE=@@SQL_MODE, SQL_MODE='NO_AUTO_VALUE_ON_ZERO' */;
/*!40111 SET @OLD_SQL_NOTES=@@SQL_NOTES, SQL_NOTES=0 */;

--
-- Table structure for table `hs_cshift`
--

DROP TABLE IF EXISTS `hs_cshift`;
/*!40101 SET @saved_cs_client     = @@character_set_client */;
/*!50503 SET character_set_client = utf8mb4 */;
CREATE TABLE `hs_cshift` (
  `cshift_id` int NOT NULL AUTO_INCREMENT,
  `user_id` varchar(100) DEFAULT NULL,
  `sche_original_id` int DEFAULT NULL,
  `cshift_info` varchar(5000) DEFAULT NULL,
  `cshift_target_day` date DEFAULT NULL,
  `sche_target_id` int DEFAULT NULL,
  `shift_target_id` int DEFAULT NULL,
  `cshift_status` int DEFAULT NULL,
  `is_deleted` tinyint DEFAULT NULL,
  `cshift_original_day` date DEFAULT NULL,
  `dept_id` varchar(100) DEFAULT NULL,
  PRIMARY KEY (`cshift_id`)
) ENGINE=InnoDB AUTO_INCREMENT=26 DEFAULT CHARSET=utf8mb4 COLLATE=utf8mb4_0900_ai_ci;
/*!40101 SET character_set_client = @saved_cs_client */;

--
-- Dumping data for table `hs_cshift`
--

LOCK TABLES `hs_cshift` WRITE;
/*!40000 ALTER TABLE `hs_cshift` DISABLE KEYS */;
INSERT INTO `hs_cshift` VALUES (1,'12345',404,'换班申请：早班换晚班','2025-04-10',416,133,3,0,'2025-04-08','12345'),(2,'12345',404,'换班申请：晚班换早班','2025-04-10',416,133,3,0,'2025-04-09','12345'),(5,'12345',430,'123','2025-04-10',432,123,2,0,'2025-04-08','12345'),(6,'12345',431,'睡觉','2025-04-10',NULL,123,1,1,'2025-04-09','12345'),(7,'12345',431,'11','2025-04-11',433,129,2,0,'2025-04-09','12345'),(8,'12345',432,'123','2025-04-11',NULL,129,3,0,'2025-04-10','12345'),(9,'12345',432,'11','2025-04-11',433,129,2,0,'2025-04-10','12345'),(10,'12345',433,'','2025-04-10',NULL,123,3,0,'2025-04-11','12345'),(11,'12345',433,'','2025-04-09',NULL,123,3,0,'2025-04-11','12345'),(12,'12345',433,'','2025-04-09',NULL,123,3,0,'2025-04-11','12345'),(13,'12345',433,'111','2025-04-09',NULL,129,3,0,'2025-04-11','12345'),(14,'12345',433,'','2025-04-09',NULL,129,3,0,'2025-04-11','12345'),(16,'12345',433,'不去','2025-04-10',NULL,129,3,0,'2025-04-11','12345'),(17,'12345',452,'12323','2025-04-18',442,123,2,0,'2025-04-11','12345'),(18,'12345',442,'123123','2025-04-25',NULL,129,3,0,'2025-04-18','12345'),(19,'12345',458,'12312','2025-04-15',NULL,129,3,0,'2025-04-18','12345'),(20,'12345',442,'12312','2025-04-14',NULL,133,3,0,'2025-04-18','12345'),(21,'12345',442,'213','2025-04-30',NULL,129,3,0,'2025-04-18','12345'),(22,'12345',442,'12312','2025-04-14',NULL,133,3,0,'2025-04-18','12345'),(23,'12345',458,'123123','2025-04-14',NULL,133,1,0,'2025-04-18','12345'),(24,'12345',442,'2342342','2025-04-19',460,123,2,0,'2025-04-18','12345'),(25,'12345',474,'1231','2025-05-15',NULL,123,1,0,'2025-05-18','12345');
/*!40000 ALTER TABLE `hs_cshift` ENABLE KEYS */;
UNLOCK TABLES;

--
-- Table structure for table `hs_dept`
--

DROP TABLE IF EXISTS `hs_dept`;
/*!40101 SET @saved_cs_client     = @@character_set_client */;
/*!50503 SET character_set_client = utf8mb4 */;
CREATE TABLE `hs_dept` (
  `dept_id` varchar(100) NOT NULL,
  `dept_name` varchar(100) NOT NULL,
  `is_deleted` tinyint(1) DEFAULT '0',
  `dept_info` varchar(2000) DEFAULT NULL,
  `dept_createtime` date NOT NULL,
  PRIMARY KEY (`dept_id`)
) ENGINE=InnoDB DEFAULT CHARSET=utf8mb4 COLLATE=utf8mb4_0900_ai_ci;
/*!40101 SET character_set_client = @saved_cs_client */;

--
-- Dumping data for table `hs_dept`
--

LOCK TABLES `hs_dept` WRITE;
/*!40000 ALTER TABLE `hs_dept` DISABLE KEYS */;
INSERT INTO `hs_dept` VALUES ('1','1',1,'1','2025-04-09'),('112','1',1,'11','2025-04-09'),('1122','12',1,'112','2025-04-09'),('12','1',1,'1','2025-04-09'),('12345','医学部',0,'北京大学医学部（简称“北医”）地处北京市海淀区中关村科技园区，是中国政府创办的第一所西医院校，具有百年历史，集教学、科研、医疗为一体，学科覆盖医学门类中的基础医学、临床医学、口腔医学、药学、公共卫生和预防医学、护理学、医学技术、中西医结合以及理学、工学、教育学、哲学、文学等门类的部分学科。 教学贯穿了本科、研究生及继续教育全过程。 现有64个博士学位授权点，70个硕士学位授权点，8个博士后流动站。','2025-02-10'),('123456','技术部',0,'负责公司技术研发','2025-02-10'),('2','2',1,'3','2025-04-09');
/*!40000 ALTER TABLE `hs_dept` ENABLE KEYS */;
UNLOCK TABLES;

--
-- Table structure for table `hs_leave`
--

DROP TABLE IF EXISTS `hs_leave`;
/*!40101 SET @saved_cs_client     = @@character_set_client */;
/*!50503 SET character_set_client = utf8mb4 */;
CREATE TABLE `hs_leave` (
  `leave_id` int NOT NULL AUTO_INCREMENT,
  `user_id` varchar(100) DEFAULT NULL,
  `sche_id` int DEFAULT NULL,
  `leave_info` varchar(5000) DEFAULT NULL,
  `is_deleted` int DEFAULT NULL,
  `leave_status` int DEFAULT NULL,
  `dept_id` int DEFAULT NULL,
  `leave_date` date DEFAULT NULL,
  PRIMARY KEY (`leave_id`)
) ENGINE=InnoDB AUTO_INCREMENT=35 DEFAULT CHARSET=utf8mb4 COLLATE=utf8mb4_0900_ai_ci;
/*!40101 SET character_set_client = @saved_cs_client */;

--
-- Dumping data for table `hs_leave`
--

LOCK TABLES `hs_leave` WRITE;
/*!40000 ALTER TABLE `hs_leave` DISABLE KEYS */;
INSERT INTO `hs_leave` VALUES (1,'12345',28,'1',0,3,12345,'2025-03-27'),(2,'12345',102,'家里亲戚结婚',0,2,12345,'2025-03-28'),(3,'12345',103,'肚子疼',0,3,12345,'2025-03-29'),(4,'12345',104,'1',0,2,12345,'2025-04-10'),(5,'12345',105,'2',0,2,12345,'2025-04-09'),(11,'12345',430,'嘻嘻哈哈',0,2,12345,'2025-04-08'),(12,'12345',430,'休息',0,3,12345,'2025-04-08'),(13,'12345',430,'1231',0,3,12345,'2025-04-08'),(14,'12345',430,'啊啊啊啊啊',0,3,12345,'2025-04-08'),(15,'12345',430,'不想上班',0,3,12345,'2025-04-08'),(16,'12345',430,'21·312',0,3,12345,'2025-04-08'),(18,'12345',430,'不想玩啦',0,2,12345,'2025-04-08'),(19,'12345',432,'不干了',1,1,12345,'2025-04-10'),(20,'12345',430,'干不了一点',0,1,12345,'2025-04-08'),(21,'12345',431,'不敢了\n',1,1,12345,'2025-04-09'),(22,'12345',433,'1',0,3,12345,'2025-04-11'),(23,'12345',433,'',0,3,12345,'2025-04-11'),(24,'12345',433,'',0,3,12345,'2025-04-11'),(25,'12345',433,'',0,2,12345,'2025-04-11'),(26,'12345',443,'生病',0,1,12345,'2025-04-10'),(27,'12345',452,'shsha ',1,1,12345,'2025-04-11'),(28,'12345',452,'wer3',0,2,12345,'2025-04-11'),(29,'12345',442,'带小孩',0,2,12345,'2025-04-18'),(30,'12345',458,'',0,3,12345,'2025-04-18'),(31,'12345',442,'',0,3,12345,'2025-04-18'),(32,'user001',463,'请假',0,2,12345,'2025-05-16'),(33,'12345',461,'1213',1,1,12345,'2025-05-16'),(34,'12345',461,'2231312',0,3,12345,'2025-05-16');
/*!40000 ALTER TABLE `hs_leave` ENABLE KEYS */;
UNLOCK TABLES;

--
-- Table structure for table `hs_sche`
--

DROP TABLE IF EXISTS `hs_sche`;
/*!40101 SET @saved_cs_client     = @@character_set_client */;
/*!50503 SET character_set_client = utf8mb4 */;
CREATE TABLE `hs_sche` (
  `sche_id` int NOT NULL AUTO_INCREMENT,
  `sche_name` varchar(100) DEFAULT NULL,
  `sche_info` varchar(5000) DEFAULT NULL,
  `sche_date` date DEFAULT NULL,
  `user_type` tinyint DEFAULT NULL,
  `user_id` varchar(100) DEFAULT NULL,
  `shift_id` int DEFAULT NULL,
  `sche_status` tinyint DEFAULT NULL,
  `is_deleted` tinyint(1) DEFAULT '0',
  `dept_id` int DEFAULT NULL,
  PRIMARY KEY (`sche_id`)
) ENGINE=InnoDB AUTO_INCREMENT=481 DEFAULT CHARSET=utf8mb4 COLLATE=utf8mb4_0900_ai_ci;
/*!40101 SET character_set_client = @saved_cs_client */;

--
-- Dumping data for table `hs_sche`
--

LOCK TABLES `hs_sche` WRITE;
/*!40000 ALTER TABLE `hs_sche` DISABLE KEYS */;
INSERT INTO `hs_sche` VALUES (1,'早班排班','负责早晨6点到12点的工作','2025-02-25',1,'12345',123,2,0,12345),(2,'夜班排班','负责夜晚12点到6点的工作','2025-02-26',2,'user001',123,2,0,12345),(3,'周末排班','周末特殊安排','2025-02-26',1,NULL,123,1,0,12345),(5,'测试1','1',NULL,2,NULL,123,NULL,0,NULL),(7,'1','111','2025-03-04',1,NULL,123,NULL,0,NULL),(8,'1','1111','2025-03-04',1,NULL,123,1,0,12345),(9,'1','你好你好你好','2025-03-19',1,'12345',129,2,0,12345),(10,'22','11','2025-03-24',1,NULL,129,NULL,1,12345),(11,'22','11','2025-03-24',1,NULL,129,1,1,12345),(12,'22','11','2025-03-24',1,NULL,129,2,1,12345),(13,'22','11','2025-03-24',1,NULL,129,2,1,12345),(14,'22','11','2025-03-24',1,NULL,129,2,1,12345),(15,'111','1','2025-03-25',1,NULL,123,2,1,12345),(16,'111','1','2025-03-25',1,NULL,123,1,1,12345),(17,'111','1','2025-03-25',1,NULL,123,1,1,12345),(18,'111','1','2025-03-25',1,NULL,123,2,1,12345),(19,'111','1','2025-03-25',1,NULL,123,1,1,12345),(20,'111','1','2025-03-25',1,NULL,123,1,1,12345),(21,'111','1','2025-03-25',1,NULL,123,1,1,12345),(22,'111','1','2025-03-25',1,NULL,123,1,1,12345),(23,'111','1','2025-03-25',1,NULL,123,1,1,12345),(24,'111','1','2025-03-25',1,NULL,123,1,1,12345),(25,'111','1','2025-03-25',1,NULL,123,1,1,12345),(26,'111','1','2025-03-25',1,NULL,123,1,0,12345),(27,'111','1','2025-03-25',1,NULL,123,1,1,12345),(28,'111','1','2025-03-25',1,NULL,123,1,0,12345),(29,'111','1','2025-03-25',1,'user001',123,2,0,12345),(30,'111','1','2025-03-25',1,'12345',123,2,0,12345),(31,'111','1','2025-03-25',1,NULL,123,2,1,12345),(32,'111','1','2025-03-25',1,NULL,123,2,1,12345),(33,'111','1','2025-03-25',1,NULL,123,2,1,12345),(34,'111','1','2025-03-25',1,NULL,123,2,1,12345),(35,'111','1','2025-03-25',1,'user003',123,2,0,12345),(36,'111','1','2025-03-25',1,NULL,123,1,0,12345),(37,'测试2','哈哈哈哈哈哈','2025-03-11',1,'12345',123,2,0,12345),(38,'测试2','哈哈哈哈哈哈','2025-03-11',1,'user001',123,2,0,12345),(39,'测试2','哈哈哈哈哈哈','2025-03-11',1,NULL,123,1,0,12345),(40,'测试2','哈哈哈哈哈哈','2025-03-11',1,NULL,123,1,0,12345),(41,'测试2','哈哈哈哈哈哈','2025-03-11',1,NULL,123,1,0,12345),(42,'哈哈哈哈','123123','2025-03-16',1,'12345',129,2,0,12345),(43,'哈哈哈哈','123123','2025-03-16',1,'user001',132,2,0,12345),(44,'哈哈哈哈','123123','2025-03-16',1,'12345',132,2,0,12345),(45,'哈哈哈哈','123123','2025-03-16',1,NULL,132,1,0,12345),(46,'哈哈哈哈','123123','2025-03-16',1,NULL,132,1,0,12345),(47,'哈哈哈哈','123123','2025-03-16',1,NULL,123,1,0,12345),(48,'哈哈哈哈','123123','2025-03-16',1,NULL,132,1,0,12345),(49,'哈哈哈哈','123123','2025-03-16',1,NULL,132,1,0,12345),(50,'哈哈哈哈','123123','2025-03-16',1,NULL,132,1,0,12345),(51,'哈哈哈哈','123123','2025-03-16',1,NULL,132,1,0,12345),(52,'哈哈哈哈','123123','2025-03-16',1,NULL,132,1,0,12345),(53,'哈哈哈哈','123123','2025-03-16',1,NULL,132,1,0,12345),(54,'哈哈哈哈','123123','2025-03-16',1,NULL,132,1,0,12345),(55,'哈哈哈哈','123123','2025-03-16',1,NULL,132,1,0,12345),(56,'哈哈哈哈','123123','2025-03-16',1,NULL,132,1,0,12345),(57,'哈哈哈哈','123123','2025-03-16',1,NULL,132,1,0,12345),(58,'哈哈哈哈','123123','2025-03-16',1,NULL,132,1,0,12345),(59,'哈哈哈哈','123123','2025-03-16',1,NULL,132,1,0,12345),(60,'哈哈哈哈','123123','2025-03-16',1,NULL,132,1,0,12345),(61,'哈哈哈哈','123123','2025-03-16',1,NULL,132,1,0,12345),(62,'哈哈哈哈','123123','2025-03-16',1,NULL,132,1,0,12345),(63,'哈哈哈哈','123123','2025-03-16',1,NULL,132,1,0,12345),(64,'哈哈哈哈','123123','2025-03-16',1,NULL,132,1,0,12345),(65,'哈哈哈哈','123123','2025-03-16',1,NULL,132,1,0,12345),(66,'哈哈哈哈','123123','2025-03-16',1,NULL,132,1,0,12345),(67,'哈哈哈哈','123123','2025-03-16',1,NULL,132,1,1,12345),(68,'哈哈哈哈','123123','2025-03-16',1,NULL,132,1,1,12345),(69,'哈哈哈哈','123123','2025-03-16',1,NULL,132,1,1,12345),(70,'哈哈哈哈','123123','2025-03-16',1,NULL,132,1,1,12345),(71,'哈哈哈哈','123123','2025-03-16',1,NULL,132,1,1,12345),(72,'哈哈哈哈','123123','2025-03-16',1,NULL,132,1,1,12345),(73,'哈哈哈哈','123123','2025-03-16',1,NULL,132,1,1,12345),(74,'哈哈哈哈','123123','2025-03-16',1,NULL,132,1,1,12345),(75,'哈哈哈哈','123123','2025-03-16',1,NULL,132,1,1,12345),(76,'哈哈哈哈','123123','2025-03-16',1,NULL,132,1,1,12345),(77,'哈哈哈哈','123123','2025-03-16',1,NULL,132,1,0,12345),(78,'哈哈哈哈','123123','2025-03-16',1,NULL,132,1,0,12345),(79,'哈哈哈哈','123123','2025-03-16',1,NULL,132,1,0,12345),(80,'哈哈哈哈','123123','2025-03-16',1,NULL,132,1,0,12345),(81,'哈哈哈哈','123123','2025-03-16',1,NULL,132,1,0,12345),(82,'哈哈哈哈','123123','2025-03-16',1,NULL,132,1,0,12345),(83,'哈哈哈哈','123123','2025-03-16',1,NULL,132,1,0,12345),(84,'哈哈哈哈','123123','2025-03-16',1,NULL,132,1,0,12345),(85,'哈哈哈哈','123123','2025-03-16',1,NULL,132,1,0,12345),(86,'哈哈哈哈','123123','2025-03-16',1,NULL,132,1,0,12345),(87,'哈哈哈哈','123123','2025-03-16',1,NULL,132,1,1,12345),(88,'哈哈哈哈','123123','2025-03-16',1,NULL,132,1,1,12345),(89,'哈哈哈哈','123123','2025-03-16',1,NULL,132,1,1,12345),(90,'哈哈哈哈','123123','2025-03-16',1,NULL,132,1,1,12345),(91,'哈哈哈哈','123123','2025-03-16',1,NULL,132,1,1,12345),(92,'哈哈哈哈','123123','2025-03-16',1,NULL,132,1,1,12345),(93,'哈哈哈哈','123123','2025-03-16',1,NULL,132,1,1,12345),(94,'哈哈哈哈','123123','2025-03-16',1,NULL,132,1,1,12345),(95,'哈哈哈哈','123123','2025-03-16',1,NULL,132,1,1,12345),(96,'哈哈哈哈','123123','2025-03-16',1,NULL,132,1,1,12345),(97,'哈哈哈哈','123123','2025-03-16',1,NULL,132,1,1,12345),(98,'哈哈哈哈','123123','2025-03-16',1,NULL,132,1,1,12345),(99,'哈哈哈哈','123123','2025-03-16',1,NULL,132,1,1,12345),(100,'哈哈哈哈','123123','2025-03-16',1,NULL,132,1,1,12345),(101,'哈哈哈哈','123123','2025-03-16',1,NULL,132,1,1,12345),(102,'哈哈哈哈','123123','2025-03-16',1,NULL,132,1,0,12345),(103,'哈哈哈哈','123123','2025-03-27',1,NULL,132,1,0,12345),(104,'哈哈哈哈','123123','2025-03-16',1,NULL,132,1,0,12345),(105,'哈哈哈哈','123123','2025-03-16',1,NULL,132,1,0,12345),(106,'哈哈哈哈','123123','2025-03-16',1,'12345',132,1,1,12345),(107,'哈哈哈哈','123123','2025-03-16',1,NULL,132,1,0,12345),(108,'哈哈哈哈','123123','2025-03-16',1,'user003',132,2,0,12345),(109,'哈哈哈哈','123123','2025-03-16',1,NULL,132,1,0,12345),(110,'哈哈哈哈','123123','2025-03-16',1,NULL,132,1,0,12345),(111,'哈哈哈哈','123123','2025-03-16',1,NULL,132,1,0,12345),(112,'哈哈哈哈','123123','2025-03-16',1,NULL,132,1,0,12345),(113,'哈哈哈哈','123123','2025-03-16',1,NULL,132,1,0,12345),(114,'哈哈哈哈','123123','2025-03-16',1,NULL,132,1,0,12345),(115,'哈哈哈哈','123123','2025-03-16',1,NULL,132,1,0,12345),(116,'哈哈哈哈','123123','2025-03-16',1,NULL,132,1,0,12345),(117,'哈哈哈哈','123123','2025-03-16',1,NULL,132,1,1,12345),(118,'哈哈哈哈','123123','2025-03-16',1,NULL,132,1,1,12345),(119,'哈哈哈哈','123123','2025-03-16',1,NULL,132,1,1,12345),(120,'哈哈哈哈','123123','2025-03-16',1,NULL,132,1,1,12345),(121,'哈哈哈哈','123123','2025-03-16',1,NULL,132,1,1,12345),(122,'哈哈哈哈','123123','2025-03-16',1,NULL,132,1,1,12345),(123,'哈哈哈哈','123123','2025-03-16',1,NULL,132,1,1,12345),(124,'哈哈哈哈','123123','2025-03-16',1,NULL,132,1,1,12345),(125,'哈哈哈哈','123123','2025-03-16',1,NULL,132,1,1,12345),(126,'哈哈哈哈','123123','2025-03-16',1,NULL,132,1,1,12345),(127,'哈哈哈哈','123123','2025-03-16',1,NULL,132,1,1,12345),(128,'哈哈哈哈','123123','2025-03-16',1,NULL,132,1,1,12345),(129,'哈哈哈哈','123123','2025-03-16',1,NULL,132,1,1,12345),(130,'哈哈哈哈','123123','2025-03-16',1,NULL,132,1,1,12345),(131,'哈哈哈哈','123123','2025-03-16',1,NULL,132,1,1,12345),(132,'哈哈哈哈','123123','2025-03-16',1,NULL,132,1,1,12345),(133,'哈哈哈哈','123123','2025-03-16',1,NULL,132,1,1,12345),(134,'哈哈哈哈','123123','2025-03-16',1,NULL,132,1,1,12345),(135,'哈哈哈哈','123123','2025-03-16',1,NULL,132,1,1,12345),(136,'哈哈哈哈','123123','2025-03-16',1,NULL,132,1,1,12345),(137,'哈哈哈哈','123123','2025-03-16',1,NULL,132,1,1,12345),(138,'哈哈哈哈','123123','2025-03-16',1,NULL,132,1,1,12345),(139,'哈哈哈哈','123123','2025-03-16',1,NULL,132,1,1,12345),(140,'哈哈哈哈','123123','2025-03-16',1,NULL,132,1,1,12345),(141,'哈哈哈哈','123123','2025-03-16',1,NULL,132,1,1,12345),(142,'哈哈哈哈','123123','2025-03-16',1,NULL,132,1,1,12345),(143,'哈哈哈哈','123123','2025-03-16',1,NULL,132,1,1,12345),(144,'哈哈哈哈','123123','2025-03-16',1,NULL,132,1,1,12345),(145,'哈哈哈哈','123123','2025-03-16',1,NULL,132,1,1,12345),(146,'哈哈哈哈','123123','2025-03-16',1,NULL,132,1,1,12345),(147,'哈哈哈哈','123123','2025-03-16',1,NULL,132,1,1,12345),(148,'哈哈哈哈','123123','2025-03-16',1,NULL,132,1,1,12345),(149,'哈哈哈哈','123123','2025-03-16',1,NULL,132,1,1,12345),(150,'哈哈哈哈','123123','2025-03-16',1,NULL,132,1,1,12345),(151,'哈哈哈哈','123123','2025-03-16',1,NULL,132,1,1,12345),(152,'哈哈哈哈','123123','2025-03-16',1,NULL,132,1,1,12345),(153,'哈哈哈哈','123123','2025-03-16',1,NULL,132,1,1,12345),(154,'哈哈哈哈','123123','2025-03-16',1,NULL,132,1,1,12345),(155,'哈哈哈哈','123123','2025-03-16',1,NULL,132,1,1,12345),(156,'哈哈哈哈','123123','2025-03-16',1,NULL,132,1,1,12345),(157,'哈哈哈哈','123123','2025-03-16',1,NULL,132,1,1,12345),(158,'哈哈哈哈','123123','2025-03-16',1,NULL,132,1,1,12345),(159,'哈哈哈哈','123123','2025-03-16',1,NULL,132,1,1,12345),(160,'哈哈哈哈','123123','2025-03-16',1,NULL,132,1,1,12345),(161,'哈哈哈哈','123123','2025-03-16',1,NULL,132,1,1,12345),(162,'哈哈哈哈','123123','2025-03-16',1,NULL,132,1,1,12345),(163,'哈哈哈哈','123123','2025-03-16',1,NULL,132,1,1,12345),(164,'哈哈哈哈','123123','2025-03-16',1,NULL,132,1,1,12345),(165,'1','11','2025-03-31',1,NULL,123,1,0,12345),(166,'2','2','2025-03-31',2,NULL,123,1,0,12345),(167,'2','2','2025-03-31',2,'user001',123,2,0,12345),(168,'测试111啊啊啊啊啊啊啊啊啊啊啊啊啊啊啊啊啊啊啊啊啊啊啊啊啊啊啊啊啊啊啊啊啊啊啊','111','2025-04-01',1,NULL,123,1,0,12345),(169,'测试111','111','2025-04-01',1,NULL,123,1,0,12345),(170,'测试111','111','2025-04-01',1,NULL,123,1,0,12345),(171,'测试111','111','2025-04-01',1,NULL,123,1,0,12345),(172,'测试111','111','2025-04-01',1,NULL,123,1,0,12345),(173,'测试111','111','2025-04-01',1,NULL,123,1,0,12345),(174,'测试111','111','2025-04-01',1,NULL,123,1,0,12345),(175,'测试111','111','2025-04-01',1,NULL,123,1,0,12345),(176,'测试111','111','2025-04-01',1,NULL,123,1,0,12345),(177,'测试111','111','2025-04-01',1,NULL,123,1,0,12345),(178,'1','11','2025-04-01',1,NULL,129,1,0,12345),(179,'111','23123','2025-04-01',1,NULL,133,1,0,12345),(180,'111','23123','2025-04-01',1,NULL,133,1,0,12345),(181,'111','23123','2025-04-01',1,NULL,133,1,0,12345),(182,'111','23123','2025-04-01',1,NULL,133,1,0,12345),(183,'111','23123','2025-04-01',1,NULL,133,1,0,12345),(184,'111','23123','2025-04-01',1,NULL,133,1,0,12345),(185,'111','23123','2025-04-01',1,NULL,133,1,0,12345),(186,'111','23123','2025-04-01',1,NULL,133,1,0,12345),(187,'111','23123','2025-04-01',1,NULL,133,1,0,12345),(188,'111','23123','2025-04-01',1,NULL,133,1,0,12345),(189,'111','23123','2025-04-01',1,NULL,133,1,0,12345),(190,'111','23123','2025-04-01',1,NULL,133,1,0,12345),(191,'111','23123','2025-04-01',1,NULL,133,1,0,12345),(192,'111','23123','2025-04-01',1,NULL,133,1,0,12345),(193,'111','23123','2025-04-01',1,NULL,133,1,0,12345),(194,'111','23123','2025-04-01',1,NULL,133,1,0,12345),(195,'111','23123','2025-04-01',1,NULL,133,1,0,12345),(196,'111','23123','2025-04-01',1,NULL,133,1,0,12345),(197,'111','23123','2025-04-01',1,NULL,133,1,0,12345),(198,'111','23123','2025-04-01',1,NULL,133,1,0,12345),(199,'111','23123','2025-04-01',1,NULL,133,1,0,12345),(200,'111','23123','2025-04-01',1,NULL,133,1,0,12345),(201,'111','23123','2025-04-01',1,NULL,133,1,0,12345),(202,'111','23123','2025-04-01',1,NULL,133,1,0,12345),(203,'111','23123','2025-04-01',1,NULL,133,1,0,12345),(204,'111','23123','2025-04-01',1,NULL,133,1,0,12345),(205,'111','23123','2025-04-01',1,NULL,133,1,0,12345),(206,'111','23123','2025-04-01',1,NULL,133,1,0,12345),(207,'111','23123','2025-04-01',1,NULL,133,1,0,12345),(208,'111','23123','2025-04-01',1,NULL,133,1,0,12345),(209,'111','23123','2025-04-01',1,NULL,133,1,0,12345),(210,'111','23123','2025-04-01',1,NULL,133,1,0,12345),(211,'111','23123','2025-04-01',1,NULL,133,1,0,12345),(212,'111','23123','2025-04-01',1,NULL,133,1,0,12345),(213,'111','23123','2025-04-01',1,NULL,133,1,0,12345),(214,'111','23123','2025-04-01',1,NULL,133,1,0,12345),(215,'111','23123','2025-04-01',1,NULL,133,1,0,12345),(216,'111','23123','2025-04-01',1,NULL,133,1,0,12345),(217,'111','23123','2025-04-01',1,NULL,133,1,0,12345),(218,'111','23123','2025-04-01',1,NULL,133,1,0,12345),(219,'111','23123','2025-04-01',1,NULL,133,1,0,12345),(220,'111','23123','2025-04-01',1,NULL,133,1,0,12345),(221,'111','23123','2025-04-01',1,NULL,133,1,0,12345),(222,'111','23123','2025-04-01',1,NULL,133,1,0,12345),(223,'111','23123','2025-04-01',1,NULL,133,1,0,12345),(224,'111','23123','2025-04-01',1,NULL,133,1,0,12345),(225,'111','23123','2025-04-01',1,NULL,133,1,0,12345),(226,'111','23123','2025-04-01',1,NULL,133,1,0,12345),(227,'111','23123','2025-04-01',1,NULL,133,1,0,12345),(228,'111','23123','2025-04-01',1,NULL,133,1,0,12345),(229,'111','23123','2025-04-01',1,NULL,133,1,0,12345),(230,'111','23123','2025-04-01',1,NULL,133,1,0,12345),(231,'111','23123','2025-04-01',1,NULL,133,1,0,12345),(232,'111','23123','2025-04-01',1,NULL,133,1,0,12345),(233,'111','23123','2025-04-01',1,NULL,133,1,0,12345),(234,'111','23123','2025-04-01',1,NULL,133,1,0,12345),(235,'111','23123','2025-04-01',1,NULL,133,1,0,12345),(236,'111','23123','2025-04-01',1,NULL,133,1,0,12345),(237,'111','23123','2025-04-01',1,NULL,133,1,0,12345),(238,'111','23123','2025-04-01',1,NULL,133,1,0,12345),(239,'111','23123','2025-04-01',1,NULL,133,1,0,12345),(240,'111','23123','2025-04-01',1,NULL,133,1,0,12345),(241,'111','23123','2025-04-01',1,NULL,133,1,0,12345),(242,'111','23123','2025-04-01',1,NULL,133,1,0,12345),(243,'111','23123','2025-04-01',1,NULL,133,1,0,12345),(244,'111','23123','2025-04-01',1,NULL,133,1,0,12345),(245,'111','23123','2025-04-01',1,NULL,133,1,0,12345),(246,'111','23123','2025-04-01',1,NULL,133,1,0,12345),(247,'111','23123','2025-04-01',1,NULL,133,1,0,12345),(248,'111','23123','2025-04-01',1,NULL,133,1,0,12345),(249,'111','23123','2025-04-01',1,NULL,133,1,0,12345),(250,'111','23123','2025-04-01',1,NULL,133,1,0,12345),(251,'111','23123','2025-04-01',1,NULL,133,1,0,12345),(252,'111','23123','2025-04-01',1,NULL,133,1,0,12345),(253,'111','23123','2025-04-01',1,NULL,133,1,0,12345),(254,'111','23123','2025-04-01',1,NULL,133,1,0,12345),(255,'111','23123','2025-04-01',1,NULL,133,1,0,12345),(256,'111','23123','2025-04-01',1,NULL,133,1,0,12345),(257,'111','23123','2025-04-01',1,NULL,133,1,0,12345),(258,'111','23123','2025-04-01',1,NULL,133,1,0,12345),(259,'111','23123','2025-04-01',1,NULL,133,1,0,12345),(260,'111','23123','2025-04-01',1,NULL,133,1,0,12345),(261,'111','23123','2025-04-01',1,NULL,133,1,0,12345),(262,'111','23123','2025-04-01',1,NULL,133,1,0,12345),(263,'111','23123','2025-04-01',1,NULL,133,1,0,12345),(264,'111','23123','2025-04-01',1,NULL,133,1,0,12345),(265,'111','23123','2025-04-01',1,NULL,133,1,0,12345),(266,'111','23123','2025-04-01',1,NULL,133,1,0,12345),(267,'111','23123','2025-04-01',1,NULL,133,1,0,12345),(268,'111','23123','2025-04-01',1,NULL,133,1,0,12345),(269,'111','23123','2025-04-01',1,NULL,133,1,0,12345),(270,'111','23123','2025-04-01',1,NULL,133,1,0,12345),(271,'111','23123','2025-04-01',1,NULL,133,1,0,12345),(272,'111','23123','2025-04-01',1,NULL,133,1,0,12345),(273,'111','23123','2025-04-01',1,NULL,133,1,0,12345),(274,'111','23123','2025-04-01',1,NULL,133,1,0,12345),(275,'111','23123','2025-04-01',1,NULL,133,1,0,12345),(276,'111','23123','2025-04-01',1,NULL,133,1,0,12345),(277,'111','23123','2025-04-01',1,NULL,133,1,0,12345),(278,'111','23123','2025-04-01',1,NULL,133,1,0,12345),(279,'111','23123','2025-04-01',1,NULL,133,1,0,12345),(280,'111','23123','2025-04-01',1,NULL,133,1,0,12345),(281,'111','23123','2025-04-01',1,NULL,133,1,0,12345),(282,'111','23123','2025-04-01',1,NULL,133,1,0,12345),(283,'111','23123','2025-04-01',1,NULL,133,1,0,12345),(284,'111','23123','2025-04-01',1,NULL,133,1,0,12345),(285,'111','23123','2025-04-01',1,NULL,133,1,0,12345),(286,'111','23123','2025-04-01',1,NULL,133,1,0,12345),(287,'111','23123','2025-04-01',1,NULL,133,1,0,12345),(288,'111','23123','2025-04-01',1,NULL,133,1,0,12345),(289,'111','23123','2025-04-01',1,NULL,133,1,0,12345),(290,'111','23123','2025-04-01',1,NULL,133,1,0,12345),(291,'111','23123','2025-04-01',1,NULL,133,1,0,12345),(292,'111','23123','2025-04-01',1,NULL,133,1,0,12345),(293,'111','23123','2025-04-01',1,NULL,133,1,0,12345),(294,'111','23123','2025-04-01',1,NULL,133,1,0,12345),(295,'111','23123','2025-04-01',1,NULL,133,1,0,12345),(296,'111','23123','2025-04-01',1,NULL,133,1,0,12345),(297,'111','23123','2025-04-01',1,NULL,133,1,0,12345),(298,'111','23123','2025-04-01',1,NULL,133,1,0,12345),(299,'111','23123','2025-04-01',1,NULL,133,1,0,12345),(300,'111','23123','2025-04-01',1,NULL,133,1,0,12345),(301,'111','23123','2025-04-01',1,NULL,133,1,0,12345),(302,'111','23123','2025-04-01',1,NULL,133,1,0,12345),(303,'111','23123','2025-04-01',1,NULL,133,1,0,12345),(304,'111','23123','2025-04-01',1,NULL,133,1,0,12345),(305,'111','23123','2025-04-01',1,NULL,133,1,0,12345),(306,'111','23123','2025-04-01',1,NULL,133,1,0,12345),(307,'111','23123','2025-04-01',1,NULL,133,1,0,12345),(308,'111','23123','2025-04-01',1,NULL,133,1,0,12345),(309,'111','23123','2025-04-01',1,NULL,133,1,0,12345),(310,'111','23123','2025-04-01',1,NULL,133,1,0,12345),(311,'111','23123','2025-04-01',1,NULL,133,1,0,12345),(312,'111','23123','2025-04-01',1,NULL,133,1,0,12345),(313,'111','23123','2025-04-01',1,NULL,133,1,0,12345),(314,'111','23123','2025-04-01',1,NULL,133,1,0,12345),(315,'111','23123','2025-04-01',1,NULL,133,1,0,12345),(316,'111','23123','2025-04-01',1,NULL,133,1,0,12345),(317,'111','23123','2025-04-01',1,NULL,133,1,0,12345),(318,'111','23123','2025-04-01',1,NULL,133,1,0,12345),(319,'111','23123','2025-04-01',1,NULL,133,1,0,12345),(320,'111','23123','2025-04-01',1,NULL,133,1,0,12345),(321,'111','23123','2025-04-01',1,NULL,133,1,0,12345),(322,'111','23123','2025-04-01',1,NULL,133,1,0,12345),(323,'111','23123','2025-04-01',1,NULL,133,1,0,12345),(324,'111','23123','2025-04-01',1,NULL,133,1,0,12345),(325,'111','23123','2025-04-01',1,NULL,133,1,0,12345),(326,'111','23123','2025-04-01',1,NULL,133,1,0,12345),(327,'111','23123','2025-04-01',1,NULL,133,1,0,12345),(328,'111','23123','2025-04-01',1,NULL,133,1,0,12345),(329,'111','23123','2025-04-01',1,NULL,133,1,0,12345),(330,'111','23123','2025-04-01',1,NULL,133,1,0,12345),(331,'111','23123','2025-04-01',1,NULL,133,1,0,12345),(332,'111','23123','2025-04-01',1,NULL,133,1,0,12345),(333,'111','23123','2025-04-01',1,NULL,133,1,0,12345),(334,'111','23123','2025-04-01',1,NULL,133,1,0,12345),(335,'111','23123','2025-04-01',1,NULL,133,1,0,12345),(336,'111','23123','2025-04-01',1,NULL,133,1,0,12345),(337,'111','23123','2025-04-01',1,NULL,133,1,0,12345),(338,'111','23123','2025-04-01',1,NULL,133,1,0,12345),(339,'111','23123','2025-04-01',1,NULL,133,1,0,12345),(340,'111','23123','2025-04-01',1,NULL,133,1,0,12345),(341,'111','23123','2025-04-01',1,NULL,133,1,0,12345),(342,'111','23123','2025-04-01',1,NULL,133,1,0,12345),(343,'111','23123','2025-04-01',1,NULL,133,1,0,12345),(344,'111','23123','2025-04-01',1,NULL,133,1,0,12345),(345,'111','23123','2025-04-01',1,NULL,133,1,0,12345),(346,'111','23123','2025-04-01',1,NULL,133,1,0,12345),(347,'111','23123','2025-04-01',1,NULL,133,1,0,12345),(348,'111','23123','2025-04-01',1,NULL,133,1,0,12345),(349,'111','23123','2025-04-01',1,NULL,133,1,0,12345),(350,'111','23123','2025-04-01',1,NULL,133,1,0,12345),(351,'111','23123','2025-04-01',1,NULL,133,1,0,12345),(352,'111','23123','2025-04-01',1,NULL,133,1,0,12345),(353,'111','23123','2025-04-01',1,NULL,133,1,0,12345),(354,'111','23123','2025-04-01',1,NULL,133,1,0,12345),(355,'111','23123','2025-04-01',1,NULL,133,1,0,12345),(356,'111','23123','2025-04-01',1,NULL,133,1,0,12345),(357,'111','23123','2025-04-01',1,NULL,133,1,0,12345),(358,'111','23123','2025-04-01',1,NULL,133,1,0,12345),(359,'111','23123','2025-04-01',1,NULL,133,1,0,12345),(360,'111','23123','2025-04-01',1,NULL,133,1,0,12345),(361,'111','23123','2025-04-01',1,NULL,133,1,0,12345),(362,'111','23123','2025-04-01',1,NULL,133,1,0,12345),(363,'111','23123','2025-04-01',1,NULL,133,1,0,12345),(364,'111','23123','2025-04-01',1,NULL,133,1,0,12345),(365,'111','23123','2025-04-01',1,NULL,133,1,0,12345),(366,'111','23123','2025-04-01',1,NULL,133,1,0,12345),(367,'111','23123','2025-04-01',1,NULL,133,1,0,12345),(368,'111','23123','2025-04-01',1,NULL,133,1,0,12345),(369,'111','23123','2025-04-01',1,NULL,133,1,0,12345),(370,'111','23123','2025-04-01',1,NULL,133,1,0,12345),(371,'111','23123','2025-04-01',1,NULL,133,1,0,12345),(372,'111','23123','2025-04-01',1,NULL,133,1,0,12345),(373,'111','23123','2025-04-01',1,NULL,133,1,0,12345),(374,'111','23123','2025-04-01',1,NULL,133,1,0,12345),(375,'111','23123','2025-04-01',1,NULL,133,1,0,12345),(376,'111','23123','2025-04-01',1,NULL,133,1,0,12345),(377,'111','23123','2025-04-01',1,NULL,133,1,0,12345),(378,'111','23123','2025-04-01',1,NULL,133,1,0,12345),(379,'111','23123','2025-04-01',1,NULL,133,1,0,12345),(380,'111','23123','2025-04-01',1,NULL,133,1,0,12345),(381,'111','23123','2025-04-01',1,NULL,133,1,0,12345),(382,'111','23123','2025-04-01',1,NULL,133,1,0,12345),(383,'111','23123','2025-04-01',1,NULL,133,1,0,12345),(384,'111','23123','2025-04-01',1,NULL,133,1,0,12345),(385,'111','23123','2025-04-01',1,NULL,133,1,0,12345),(386,'111','23123','2025-04-01',1,NULL,133,1,0,12345),(387,'111','23123','2025-04-01',1,NULL,133,1,0,12345),(388,'111','23123','2025-04-01',1,NULL,133,1,0,12345),(389,'111','23123','2025-04-01',1,NULL,133,1,0,12345),(390,'111','23123','2025-04-01',1,NULL,133,1,0,12345),(391,'111','23123','2025-04-01',1,NULL,133,1,0,12345),(392,'111','23123','2025-04-01',1,NULL,133,1,0,12345),(393,'111','23123','2025-04-01',1,NULL,133,1,0,12345),(394,'111','23123','2025-04-01',1,NULL,133,1,0,12345),(395,'111','23123','2025-04-01',1,NULL,133,1,0,12345),(396,'111','23123','2025-04-01',1,NULL,133,1,0,12345),(397,'111','23123','2025-04-01',1,NULL,133,1,0,12345),(398,'111','23123','2025-04-01',1,NULL,133,1,0,12345),(399,'111','23123','2025-04-01',1,NULL,133,1,0,12345),(400,'111','23123','2025-04-01',1,NULL,133,1,0,12345),(402,'4.2测试','啊哈哈哈哈啊哈哈哈哈哈啊啊啊啊哈哈哈哈','2025-04-02',1,'12345',123,2,0,12345),(403,'4.2测试','啊哈哈哈哈啊哈哈哈哈哈啊啊啊啊哈哈哈哈','2025-04-02',1,NULL,123,1,0,12345),(404,'1','111','2025-04-03',1,'user002',123,2,0,12345),(405,'1','111','2025-04-03',2,NULL,123,1,0,12345),(406,'测试股','111','2025-04-03',1,NULL,123,1,0,12345),(407,'测试股','111','2025-04-03',1,NULL,123,1,0,12345),(408,'厕所','11','2025-04-03',1,'12345',129,2,0,123456),(409,'厕所','11','2025-04-03',1,NULL,129,1,0,12345),(410,'111','111','2025-04-03',1,NULL,133,1,0,12345),(411,'111','111','2025-04-03',1,NULL,133,1,0,12345),(412,'测试','111','2025-04-04',1,'12345',133,2,0,12345),(413,'测试','111','2025-04-04',1,'',133,1,0,12345),(416,'医生 ','测试需求','2025-04-10',1,'12345',133,2,1,12345),(417,'医生 ','测试需求','2025-04-10',1,NULL,133,1,1,12345),(418,'医生 ','测试需求','2025-04-10',1,NULL,133,1,1,12345),(419,'医生 ','测试需求','2025-04-10',1,NULL,133,1,1,12345),(420,'医生 ','测试需求','2025-04-10',1,NULL,133,1,1,12345),(421,'医生 ','测试需求','2025-04-10',1,NULL,133,1,1,12345),(422,'医生 ','测试需求','2025-04-10',1,NULL,133,1,1,12345),(423,'医生 ','测试需求','2025-04-10',1,NULL,133,1,1,12345),(424,'测试需求2','222','2025-04-10',1,'12345',123,2,1,12345),(425,'测试需求2','222','2025-04-10',1,NULL,123,1,1,12345),(426,'测试需求2','222','2025-04-10',1,NULL,123,1,1,12345),(427,'测试需求3','1111111','2025-04-10',2,NULL,133,1,1,12345),(428,'测试需求3','1111111','2025-04-10',2,NULL,133,1,1,12345),(429,'测试需求3','1111111','2025-04-10',2,NULL,133,1,1,12345),(430,'48','111','2025-04-08',1,'12345',123,3,0,12345),(431,'234','12312','2025-04-09',1,NULL,123,1,0,12345),(432,'1','11','2025-04-10',1,NULL,123,1,0,12345),(433,'2','2','2025-04-11',1,'user003',129,2,0,12345),(434,'shoushi','sdasdasdasdasd','2025-04-17',1,NULL,123,1,1,12345),(435,'shoushi','sdasdasdasdasd','2025-04-17',1,NULL,123,1,1,12345),(436,'shoushi','sdasdasdasdasd','2025-04-17',1,NULL,123,1,1,12345),(437,'shoushi','sdasdasdasdasd','2025-04-17',1,NULL,123,1,1,12345),(438,'shoushi','sdasdasdasdasd','2025-04-17',1,NULL,123,1,1,12345),(439,'1234','asd','2025-04-15',1,NULL,123,1,1,12345),(440,'1234','asd','2025-04-15',1,NULL,123,1,1,12345),(441,'13123','123123','2025-04-18',1,NULL,123,1,0,12345),(442,'13123','123123','2025-04-18',1,NULL,123,1,0,12345),(443,'12312','123123','2025-04-10',2,'12345',129,3,0,12345),(444,'12312','123123','2025-04-10',2,NULL,129,1,0,12345),(445,'123123','123123','2025-04-11',2,NULL,123,1,0,12345),(446,'123123','123123','2025-04-11',2,NULL,123,1,0,12345),(447,'123123','123123','2025-04-11',2,NULL,123,1,0,12345),(448,'123123','123123','2025-04-11',2,NULL,123,1,0,12345),(449,'123123','123123','2025-04-11',2,NULL,123,1,0,12345),(450,'`123123','123123','2025-04-11',2,NULL,133,1,0,12345),(451,'`123123','123123','2025-04-11',2,NULL,133,1,0,12345),(452,'123123','123123123','2025-04-11',1,NULL,123,1,0,12345),(453,'123123','123123123','2025-04-11',1,'user003',123,2,0,12345),(454,'123123','123123123','2025-04-11',1,NULL,123,1,1,12345),(455,'123123','123123123','2025-04-11',1,NULL,123,1,1,12345),(456,'123123','123123123','2025-04-11',1,NULL,123,1,1,12345),(457,'123123','123123123','2025-04-11',1,NULL,123,1,0,12345),(458,'123123123','123123','2025-04-18',1,NULL,133,1,0,12345),(459,'123123123','123123','2025-04-18',1,NULL,133,1,0,12345),(460,'ces','1312','2025-04-19',1,'12345',123,2,0,12345),(461,'手术室1','囊肿手术','2025-05-16',1,'12345',123,2,0,12345),(462,'手术室1','囊肿手术','2025-05-16',1,NULL,123,1,0,12345),(463,'手术室2','囊肿手术','2025-05-16',2,NULL,123,1,0,12345),(464,'手术室2','囊肿手术','2025-05-16',2,NULL,123,1,0,12345),(465,'门诊1','门诊1','2025-05-17',1,NULL,129,1,0,12345),(466,'门诊1','门诊1','2025-05-17',1,NULL,129,1,0,12345),(467,'门诊2','门诊2','2025-05-18',2,NULL,129,1,0,12345),(468,'门诊2','门诊2','2025-05-18',2,NULL,129,1,0,12345),(469,'看护','1111','2025-05-12',1,'12345',129,2,0,12345),(470,'值班','值班','2025-05-12',1,'12345',133,2,0,12345),(471,'门诊2','门诊2进行坐班','2025-05-11',1,'12345',123,2,0,12345),(472,'门诊1','协助门诊','2025-05-11',2,'user001',123,2,0,12345),(473,'门诊2','协助门诊','2025-05-09',2,'user001',129,2,0,12345),(474,'门诊','123','2025-05-18',1,'12345',123,4,0,12345),(475,'12312','12312','2025-05-15',1,'user007',123,2,0,12345),(476,'132','123123','2025-07-17',1,'12345',129,2,0,12345),(477,'132','123123','2025-07-17',1,NULL,123,1,0,12345),(478,'132','123123','2025-07-17',1,NULL,123,1,0,12345),(479,'132','123123','2025-07-17',1,NULL,123,1,0,12345),(480,'132','123123','2025-07-17',1,NULL,123,1,0,12345);
/*!40000 ALTER TABLE `hs_sche` ENABLE KEYS */;
UNLOCK TABLES;

--
-- Table structure for table `hs_shift`
--

DROP TABLE IF EXISTS `hs_shift`;
/*!40101 SET @saved_cs_client     = @@character_set_client */;
/*!50503 SET character_set_client = utf8mb4 */;
CREATE TABLE `hs_shift` (
  `shift_id` int NOT NULL AUTO_INCREMENT,
  `shift_name` varchar(100) NOT NULL,
  `shift_begintime` time DEFAULT NULL,
  `shift_endtime` time DEFAULT NULL,
  `dept_id` varchar(100) NOT NULL,
  `shift_style_id` int DEFAULT NULL,
  `is_deleted` tinyint(1) DEFAULT '0',
  PRIMARY KEY (`shift_id`)
) ENGINE=InnoDB AUTO_INCREMENT=141 DEFAULT CHARSET=utf8mb4 COLLATE=utf8mb4_0900_ai_ci;
/*!40101 SET character_set_client = @saved_cs_client */;

--
-- Dumping data for table `hs_shift`
--

LOCK TABLES `hs_shift` WRITE;
/*!40000 ALTER TABLE `hs_shift` DISABLE KEYS */;
INSERT INTO `hs_shift` VALUES (120,'1','00:00:00','00:10:00','12345',1,1),(121,'2','23:35:00','00:00:00','12345',1,1),(122,'12312','00:05:00','00:15:00','123456',1,0),(123,'早班','00:00:00','00:05:00','12345',4,0),(124,'1','00:05:00','00:20:00','12345',1,1),(125,'1','00:05:00','00:20:00','12345',1,1),(126,'1','00:00:00','00:10:00','12345',1,1),(127,'1','00:00:00','00:15:00','12345',1,1),(128,'1','00:05:00','00:20:00','12345',1,1),(129,'夜班','07:20:00','08:35:00','12345',1,0),(130,'zhongban','00:05:00','00:30:00','12345',5,1),(131,'1','00:05:00','00:20:00','12345',1,1),(132,'夜休1','00:00:00','00:15:00','12345',5,1),(133,'中班','13:35:00','14:00:00','12345',2,0),(134,'全天','00:05:00','02:05:00','12345',3,1),(135,'1213','00:00:00','00:15:00','12345',4,1),(136,'123','00:00:00','00:20:00','12345',4,1),(137,'123','00:05:00','00:25:00','12345',2,1),(138,'123412','00:05:00','00:15:00','12345',1,1),(139,'12312','00:00:00','00:20:00','12345',1,1),(140,'12312','00:20:00','00:30:00','12345',3,1);
/*!40000 ALTER TABLE `hs_shift` ENABLE KEYS */;
UNLOCK TABLES;

--
-- Table structure for table `hs_user`
--

DROP TABLE IF EXISTS `hs_user`;
/*!40101 SET @saved_cs_client     = @@character_set_client */;
/*!50503 SET character_set_client = utf8mb4 */;
CREATE TABLE `hs_user` (
  `user_id` varchar(100) NOT NULL,
  `user_pwd` varchar(100) NOT NULL,
  `user_name` varchar(100) NOT NULL,
  `user_gender` varchar(20) NOT NULL,
  `user_phone` varchar(50) DEFAULT NULL,
  `user_email` varchar(100) DEFAULT NULL,
  `user_info` varchar(500) DEFAULT NULL,
  `user_avatar` varchar(100) NOT NULL,
  `is_deleted` tinyint(1) DEFAULT '0',
  `user_permission` int NOT NULL,
  `user_birthday` date NOT NULL,
  `user_regtime` date NOT NULL,
  `user_type` tinyint DEFAULT NULL,
  `user_proactivity` int DEFAULT NULL,
  PRIMARY KEY (`user_id`)
) ENGINE=InnoDB DEFAULT CHARSET=utf8mb4 COLLATE=utf8mb4_0900_ai_ci;
/*!40101 SET character_set_client = @saved_cs_client */;

--
-- Dumping data for table `hs_user`
--

LOCK TABLES `hs_user` WRITE;
/*!40000 ALTER TABLE `hs_user` DISABLE KEYS */;
INSERT INTO `hs_user` VALUES ('1222','eccbc87e4b5ce2fe28308fd9f2a7baf3','2','男','4','5','5','https://hs-system.oss-cn-hangzhou.aliyuncs.com/5e2777d449887dbee4e498bcde37036.png',1,1,'2025-04-22','2025-04-09',1,36),('123','202cb962ac59075b964b07152d234b70','123','男','123','123','123','https://hs-system.oss-cn-hangzhou.aliyuncs.com/5e2777d449887dbee4e498bcde37036.png',1,1,'2025-04-28','2025-04-09',1,35),('12312','3d24b838770ee90773804e8599e549ff','12312','男','15394280152','w971759869@163.com','1','https://hs-system.oss-cn-hangzhou.aliyuncs.com/5e2777d449887dbee4e498bcde37036.png',1,1,'2025-04-21','2025-04-09',1,41),('1234','2e0aca891f2a8aedf265edf533a6d9a8','1231','男','123','123','123','https://hs-system.oss-cn-hangzhou.aliyuncs.com/5e2777d449887dbee4e498bcde37036.png',1,1,'2025-04-29','2025-04-09',2,38),('12345','827ccb0eea8a706c4c34a16891f84e7b','Adam','Male','123-456-7890','971759869@qq.com','This is a test user.','https://hs-system.oss-cn-hangzhou.aliyuncs.com/5e2777d449887dbee4e498bcde37036.png',0,3,'1990-05-15','2025-08-01',1,60),('123456','202cb962ac59075b964b07152d234b70','John Doe','Male','123-456-7890','971759869@qq.com','This is a test user.','https://hs-system.oss-cn-hangzhou.aliyuncs.com/5e2777d449887dbee4e498bcde37036.png',0,1,'1990-05-15','2025-07-15',1,60),('user001','eed70691cd38eb3621fd9a21f5c08fad','Alice Johnson','Female','123-456-7890','971759869@qq.com','A software engineer from California.','https://hs-system.oss-cn-hangzhou.aliyuncs.com/user001.jpg?timestamp=1744293393296',0,1,'1990-05-15','2025-01-01',2,60),('user002','password456','Bob Smith','Male','098-765-4321','bob.smith@example.com','An avid traveler and photographer.','https://hs-system.oss-cn-hangzhou.aliyuncs.com/5e2777d449887dbee4e498bcde37036.png',1,2,'1985-10-20','2025-01-02',1,70),('user003','eed70691cd38eb3621fd9a21f5c08fad','Charlie Brown','Male','555-123-4567','charlie.brown@example.com','A graphic designer with a passion for art.','https://hs-system.oss-cn-hangzhou.aliyuncs.com/5e2777d449887dbee4e498bcde37036.png',0,1,'1992-03-30','2025-01-03',1,20),('user004','eed70691cd38eb3621fd9a21f5c08fad','Diana Prince','Female','444-987-6543','diana.prince@example.com','A superhero and philanthropist.','https://hs-system.oss-cn-hangzhou.aliyuncs.com/5e2777d449887dbee4e498bcde37036.png',0,1,'1988-07-25','2025-01-04',2,30),('user005','eed70691cd38eb3621fd9a21f5c08fad','Ethan Hunt','Male','333-222-1111','ethan.hunt@example.com','An undercover agent with a knack for adventure.','https://hs-system.oss-cn-hangzhou.aliyuncs.com/5e2777d449887dbee4e498bcde37036.png',0,2,'1980-12-12','2025-01-05',1,20),('user006','eed70691cd38eb3621fd9a21f5c08fad','Fiona Gallagher','Female','666-555-4444','fiona.gallagher@example.com','A strong-willed woman from a big family.','https://hs-system.oss-cn-hangzhou.aliyuncs.com/5e2777d449887dbee4e498bcde37036.png',0,1,'1995-04-10','2025-01-06',2,20),('user007','eed70691cd38eb3621fd9a21f5c08fad','George Washington','Male','777-888-9999','george.washington@example.com','The first president of the United States.','https://hs-system.oss-cn-hangzhou.aliyuncs.com/5e2777d449887dbee4e498bcde37036.png',0,1,'1732-02-22','2025-01-07',1,20),('user008','eed70691cd38eb3621fd9a21f5c08fad','Hannah Montana','Female','888-999-0000','hannah.montana@example.com','A pop star living a double life.','https://hs-system.oss-cn-hangzhou.aliyuncs.com/5e2777d449887dbee4e498bcde37036.png',0,2,'1992-11-23','2025-01-08',2,20),('user009','password606','Ian Malcolm','Male','999-000-1111','ian.malcolm@example.com','A mathematician and chaos theorist.','https://hs-system.oss-cn-hangzhou.aliyuncs.com/5e2777d449887dbee4e498bcde37036.png',1,1,'1965-06-12','2025-01-09',1,20);
/*!40000 ALTER TABLE `hs_user` ENABLE KEYS */;
UNLOCK TABLES;

--
-- Table structure for table `hs_user_dept`
--

DROP TABLE IF EXISTS `hs_user_dept`;
/*!40101 SET @saved_cs_client     = @@character_set_client */;
/*!50503 SET character_set_client = utf8mb4 */;
CREATE TABLE `hs_user_dept` (
  `user_id` varchar(100) DEFAULT NULL,
  `dept_id` varchar(100) DEFAULT NULL
) ENGINE=InnoDB DEFAULT CHARSET=utf8mb4 COLLATE=utf8mb4_0900_ai_ci;
/*!40101 SET character_set_client = @saved_cs_client */;

--
-- Dumping data for table `hs_user_dept`
--

LOCK TABLES `hs_user_dept` WRITE;
/*!40000 ALTER TABLE `hs_user_dept` DISABLE KEYS */;
INSERT INTO `hs_user_dept` VALUES ('user005','123456'),('12345','12345'),('user007','12345'),('user006','12345'),('user008','12345'),('user001','12345'),('user003','12345');
/*!40000 ALTER TABLE `hs_user_dept` ENABLE KEYS */;
UNLOCK TABLES;
/*!40103 SET TIME_ZONE=@OLD_TIME_ZONE */;

/*!40101 SET SQL_MODE=@OLD_SQL_MODE */;
/*!40014 SET FOREIGN_KEY_CHECKS=@OLD_FOREIGN_KEY_CHECKS */;
/*!40014 SET UNIQUE_CHECKS=@OLD_UNIQUE_CHECKS */;
/*!40101 SET CHARACTER_SET_CLIENT=@OLD_CHARACTER_SET_CLIENT */;
/*!40101 SET CHARACTER_SET_RESULTS=@OLD_CHARACTER_SET_RESULTS */;
/*!40101 SET COLLATION_CONNECTION=@OLD_COLLATION_CONNECTION */;
/*!40111 SET SQL_NOTES=@OLD_SQL_NOTES */;

-- Dump completed on 2025-08-01 10:29:21
